{
	"format_version": "1.8.0",
	"animations": {
		"animation.model.stand": {
			"loop": true,
			"animation_length": 3.16,
			"bones": {
				"body": {
					"rotation": {
						"0.0": [0, 0, 0],
						"1.56": [2.5, 0, 0],
						"3.16": [0, 0, 0]
					}
				},
				"head": {
					"rotation": {
						"0.0": [0, 0, 0],
						"1.56": [5, 0, 0],
						"3.16": [0, 0, 0]
					}
				},
				"rightarm": {
					"rotation": {
						"0.0": [0, 0, 5],
						"1.56": [0, 0, 0],
						"3.16": [0, 0, 5]
					}
				},
				"leftarm": {
					"rotation": {
						"0.0": [0, 0, -5],
						"1.56": [0, 0, 0],
						"3.16": [0, 0, -5]
					}
				}
			}
		},
		"animation.model.move": {
			"loop": true,
			"animation_length": 0.96,
			"bones": {
				"body": {
					"position": {
						"0.0": [0, -1, 0],
						"0.24": [0, 0, 0],
						"0.48": [0, -1, 0],
						"0.72": [0, 0, 0],
						"0.96": [0, -1, 0]
					}
				},
				"leftarm": {
					"rotation": {
						"0.0": [-20, 0, 0],
						"0.48": [20, 0, 0],
						"0.96": [-20, 0, 0]
					}
				},
				"leftarm2": {
					"rotation": {
						"0.0": [-20, 0, 0],
						"0.48": [-10, 0, 0],
						"0.96": [-20, 0, 0]
					}
				},
				"rightarm": {
					"rotation": {
						"0.0": [20, 0, 0],
						"0.48": [-20, 0, 0],
						"0.96": [20, 0, 0]
					}
				},
				"rightarm2": {
					"rotation": {
						"0.0": [-10, 0, 0],
						"0.48": [-20, 0, 0],
						"0.96": [-10, 0, 0]
					}
				},
				"rightleg": {
					"rotation": {
						"0.0": [-30, 0, 0],
						"0.24": [0, 0, 0],
						"0.48": [30, 0, 0],
						"0.72": [-40, 0, 0],
						"0.96": [-30, 0, 0]
					}
				},
				"rightleg2": {
					"rotation": {
						"0.0": [30, 0, 0],
						"0.24": [0, 0, 0],
						"0.48": [10, 0, 0],
						"0.72": [100, 0, 0],
						"0.96": [30, 0, 0]
					}
				},
				"leftleg": {
					"rotation": {
						"0.0": [30, 0, 0],
						"0.24": [-40, 0, 0],
						"0.48": [-30, 0, 0],
						"0.72": [0, 0, 0],
						"0.96": [30, 0, 0]
					}
				},
				"leftleg2": {
					"rotation": {
						"0.0": [10, 0, 0],
						"0.24": [100, 0, 0],
						"0.48": [30, 0, 0],
						"0.72": [0, 0, 0],
						"0.96": [10, 0, 0]
					}
				}
			}
		},
		"animation.model.attack": {
			"animation_length": 0.52,
			"bones": {
				"body": {
					"rotation": {
						"0.0": [-13.74409, -29.6768, 3.0908],
						"0.12": [8.75591, -29.6768, 3.0908],
						"0.24": [20.28356, 9.39129, 3.45118],
						"0.36": [22.30998, 25.71543, 10.09541],
						"0.52": [22.30998, 25.71543, 10.09541]
					},
					"position": {
						"0.0": [0, -1, 0],
						"0.12": [0, -2, 0],
						"0.24": [0, -4, -3],
						"0.36": [0, -4, -6],
						"0.52": [0, -4, -6]
					}
				},
				"leftarm": {
					"rotation": {
						"0.0": [-125, 0, 0],
						"0.12": [-65, 0, 0],
						"0.24": [-62.77356, 22.52101, 11.14843],
						"0.36": [-22.77356, 22.52101, 11.14843],
						"0.52": [-22.77356, 22.52101, 11.14843]
					}
				},
				"leftarm2": {
					"rotation": {
						"0.0": [-7.5, 0, 22.5],
						"0.12": [-14.13272, 5.07855, 41.87006],
						"0.24": [-14.78217, -2.57594, 12.8342],
						"0.36": [-39.78217, -2.57594, 12.8342],
						"0.52": [-39.78217, -2.57594, 12.8342]
					}
				},
				"rightarm": {
					"rotation": {
						"0.0": [-109.34085, -0.60887, -5.86632],
						"0.12": [-53.8614, -8.71654, -11.74447],
						"0.24": [-54.06045, -6.69488, -10.2603],
						"0.36": [-18.7072, 7.72787, 3.38156],
						"0.52": [-18.7072, 7.72787, 3.38156]
					}
				},
				"rightarm2": {
					"rotation": {
						"0.0": [-40, 0, -25],
						"0.12": [-20, 0, -25],
						"0.24": [-18.88172, 6.71771, -6.11828],
						"0.36": [-17.49524, 9.84655, 3.48124],
						"0.52": [-17.49524, 9.84655, 3.48124]
					}
				},
				"jian": {
					"rotation": {
						"0.0": [-19.37006, 5.07855, 14.13272],
						"0.12": [-2.04831, 1.43364, 34.97437],
						"0.24": [87.56087, -43.76225, 20.30649],
						"0.36": [105.06087, -43.76225, 20.30649],
						"0.52": [105.06087, -43.76225, 20.30649]
					}
				},
				"head": {
					"rotation": {
						"0.0": [12.5, 27.5, 0],
						"0.12": [-7.5, 27.5, 0],
						"0.24": [-15.5383, -11.56077, -1.40632],
						"0.36": [-16.0395, -29.07574, 1.1153],
						"0.52": [-16.0395, -29.07574, 1.1153]
					}
				},
				"rightleg": {
					"rotation": {
						"0.0": [-4.58623, 37.15855, 16.0129],
						"0.12": [-41.03544, 41.38771, -8.87342],
						"0.24": [-67.12471, -4.25821, 11.88393],
						"0.36": [-58.8531, -12.85719, 6.71656],
						"0.52": [-58.8531, -12.85719, 6.71656]
					}
				},
				"rightleg2": {
					"rotation": {
						"0.0": [25, 0, 0],
						"0.12": [22.75015, 2.49821, 1.04625],
						"0.24": [59.92319, 9.30205, -2.12807],
						"0.36": [67.55144, 1.91596, -0.8187],
						"0.52": [67.55144, 1.91596, -0.8187]
					}
				},
				"leftleg": {
					"rotation": {
						"0.0": [-5.69867, -18.60991, -23.21765],
						"0.12": [-28.19867, -18.60991, -23.21765],
						"0.24": [-5.59051, -24.17418, -17.99254],
						"0.36": [26.00471, -26.14498, -9.99578],
						"0.52": [26.00471, -26.14498, -9.99578]
					}
				},
				"leftleg2": {
					"rotation": {
						"0.0": [29.80009, -23.33616, 2.35943],
						"0.12": [39.70481, -41.19942, 0.09379],
						"0.24": [34.68096, -29.54333, 7.32192],
						"0.36": [-0.52397, -2.57121, 3.24626],
						"0.52": [-0.52397, -2.57121, 3.24626]
					}
				}
			}
		}
	},
	"geckolib_format_version": 2
}